codigo,area,CLASSE,REP,COL,S,N,H,UR,T,D_EV1,F1_LC,Fsa1_LC (4),FCa1_LC (12),S1_LC (9),P1_LC (15),MU1_LC (21),NVeg1_LC (25),So1_LC (39),LT1_LC (41),C1_LC (46),Cit1_LC (47),LP1_LC (48),F1_LP,F1_EL,F1_NP,F1_GP,F1_SP,F1_OC,D_EV2,F2_LC,Fsa2_LC (4),FCa2_LC (12),S2_LC (9),P2_LC (15),MU2_LC (21),NVeg2_LC (25),So2_LC (39),LT2_LC (41),C2_LC (46),LP2_LC (48),Cit2_LC (47),F2_LP,F2_EL,F2_NP,F2_GP,F2_SP,F2_OC,D_EV3,F3_LC__m,Fsa3_LC (4),S3_LC (9),FCa3_LC (12),P3_LC (15),MU3_LC (21),NVeg3_LC (25),So3_LC (39),LT3_LC (41),C3_LC (46),LP3_LC (48),Cit3_LC (47),F3_LP,F3_EL,F3_NP,F3_GP,F3_SP,F3_OC
F1b1,F1b,floresta,1,B,2,3,0.6365,93.8,29.4,0.748035109,366300,0,0,18000,566100,724500,12600,0,134100,1534500,0,13500,0.108707265,14580,9,133200,5400,81900,0.730417296,1619100,0,45000,200700,2250900,2619900,63000,0,551700,6161400,26100,0,0.119598458,57720,41,294300,1800,369000,0.736900916,3587400,0,488700,98100,6399000,6072300,113400,0,1052100,12621600,42300,0,0.117716547,130980,95,477900,900,756900
F1b2,F1b,floresta,2,B,6,6,1.792,93.8,29.4,0.748035109,366300,0,0,18000,566100,724500,12600,0,134100,1534500,0,13500,0.108707265,14580,9,133200,5400,81900,0.730417296,1619100,0,45000,200700,2250900,2619900,63000,0,551700,6161400,26100,0,0.119598458,57720,41,294300,1800,369000,0.736900916,3587400,0,488700,98100,6399000,6072300,113400,0,1052100,12621600,42300,0,0.117716547,130980,95,477900,900,756900
F1b3,F1b,floresta,3,B,3,3,1.099,93.8,29.4,0.748035109,366300,0,0,18000,566100,724500,12600,0,134100,1534500,0,13500,0.108707265,14580,9,133200,5400,81900,0.730417296,1619100,0,45000,200700,2250900,2619900,63000,0,551700,6161400,26100,0,0.119598458,57720,41,294300,1800,369000,0.736900916,3587400,0,488700,98100,6399000,6072300,113400,0,1052100,12621600,42300,0,0.117716547,130980,95,477900,900,756900
F1b4,F1b,floresta,4,B,8,9,2.043,93.8,29.4,0.748035109,366300,0,0,18000,566100,724500,12600,0,134100,1534500,0,13500,0.108707265,14580,9,133200,5400,81900,0.730417296,1619100,0,45000,200700,2250900,2619900,63000,0,551700,6161400,26100,0,0.119598458,57720,41,294300,1800,369000,0.736900916,3587400,0,488700,98100,6399000,6072300,113400,0,1052100,12621600,42300,0,0.117716547,130980,95,477900,900,756900
F1c1,F1c,floresta,1,C,10,12,2.254,90.7,22.7,0.829910201,1125900,0,351900,7200,1336500,323100,0,0,239400,0,0,0,0.332712766,16500,5,1026900,6300,690300,0.719055551,2421000,7200,1672200,288900,6432300,1578600,15300,0,780300,341100,0,0,0.178535873,56520,36,1530000,900,1080000,0.743625729,5537700,7200,770400,5165100,13130100,3243600,21600,0,1433700,341100,0,0,0.181520489,129000,71,1628100,900,2482200
F1c2,F1c,floresta,2,C,13,18,2.476,90.7,22.7,0.829910201,1125900,0,351900,7200,1336500,323100,0,0,239400,0,0,0,0.332712766,16500,5,1026900,6300,690300,0.719055551,2421000,7200,1672200,288900,6432300,1578600,15300,0,780300,341100,0,0,0.178535873,56520,36,1530000,900,1080000,0.743625729,5537700,7200,770400,5165100,13130100,3243600,21600,0,1433700,341100,0,0,0.181520489,129000,71,1628100,900,2482200
F1c3,F1c,floresta,3,C,4,5,1.332,90.7,22.7,0.829910201,1125900,0,351900,7200,1336500,323100,0,0,239400,0,0,0,0.332712766,16500,5,1026900,6300,690300,0.719055551,2421000,7200,1672200,288900,6432300,1578600,15300,0,780300,341100,0,0,0.178535873,56520,36,1530000,900,1080000,0.743625729,5537700,7200,770400,5165100,13130100,3243600,21600,0,1433700,341100,0,0,0.181520489,129000,71,1628100,900,2482200
F1c4,F1c,floresta,4,C,10,11,2.272,90.7,22.7,0.829910201,1125900,0,351900,7200,1336500,323100,0,0,239400,0,0,0,0.332712766,16500,5,1026900,6300,690300,0.719055551,2421000,7200,1672200,288900,6432300,1578600,15300,0,780300,341100,0,0,0.178535873,56520,36,1530000,900,1080000,0.743625729,5537700,7200,770400,5165100,13130100,3243600,21600,0,1433700,341100,0,0,0.181520489,129000,71,1628100,900,2482200
F2a1,F2a,floresta,1,A,3,9,0.995,93.5,21.9,0.916517945,950400,0,390600,546300,718200,529200,76500,0,0,0,0,0,0.281075326,25260,11,471600,900,369000,0.829460523,3269700,18000,1756800,1872000,3635100,2147400,94500,0,213300,0,0,0,0.241411389,91020,37,849600,900,1170000,0.823138424,6628500,59400,2741400,5581800,9206100,4306500,223200,0,674100,0,0,0,0.217327156,184680,78,1040400,900,2296800
F2a2,F2a,floresta,2,A,5,7,1.475,93.5,21.9,0.916517945,950400,0,390600,546300,718200,529200,76500,0,0,0,0,0,0.281075326,25260,11,471600,900,369000,0.829460523,3269700,18000,1756800,1872000,3635100,2147400,94500,0,213300,0,0,0,0.241411389,91020,37,849600,900,1170000,0.823138424,6628500,59400,2741400,5581800,9206100,4306500,223200,0,674100,0,0,0,0.217327156,184680,78,1040400,900,2296800
F2a3,F2a,floresta,3,A,8,9,2.043,93.5,21.9,0.916517945,950400,0,390600,546300,718200,529200,76500,0,0,0,0,0,0.281075326,25260,11,471600,900,369000,0.829460523,3269700,18000,1756800,1872000,3635100,2147400,94500,0,213300,0,0,0,0.241411389,91020,37,849600,900,1170000,0.823138424,6628500,59400,2741400,5581800,9206100,4306500,223200,0,674100,0,0,0,0.217327156,184680,78,1040400,900,2296800
F2a4,F2a,floresta,4,A,7,8,1.906,93.5,21.9,0.916517945,950400,0,390600,546300,718200,529200,76500,0,0,0,0,0,0.281075326,25260,11,471600,900,369000,0.829460523,3269700,18000,1756800,1872000,3635100,2147400,94500,0,213300,0,0,0,0.241411389,91020,37,849600,900,1170000,0.823138424,6628500,59400,2741400,5581800,9206100,4306500,223200,0,674100,0,0,0,0.217327156,184680,78,1040400,900,2296800
F2b1,F2b,floresta,1,B,8,31,1.465,93.3,22,0.6715086,2427300,0,0,0,534600,302400,0,0,131400,0,0,5400,0.713680868,10560,2,2425500,1800,2120400,0.64777843,6358500,0,0,900,4348800,1694700,0,0,1093500,51300,5400,0,0.466583014,40740,15,6062400,900,5285700,0.697057635,8268300,59400,92700,0,12392100,5157900,25200,0,3381300,333900,17100,0,0.269358196,76500,47,7210800,1800,6461100
F2b2,F2b,floresta,2,B,5,5,1.609,93.3,22,0.6715086,2427300,0,0,0,534600,302400,0,0,131400,0,0,5400,0.713680868,10560,2,2425500,1800,2120400,0.64777843,6358500,0,0,900,4348800,1694700,0,0,1093500,51300,5400,0,0.466583014,40740,15,6062400,900,5285700,0.697057635,8268300,59400,92700,0,12392100,5157900,25200,0,3381300,333900,17100,0,0.269358196,76500,47,7210800,1800,6461100
F2b3,F2b,floresta,3,B,6,7,1.748,93.3,22,0.6715086,2427300,0,0,0,534600,302400,0,0,131400,0,0,5400,0.713680868,10560,2,2425500,1800,2120400,0.64777843,6358500,0,0,900,4348800,1694700,0,0,1093500,51300,5400,0,0.466583014,40740,15,6062400,900,5285700,0.697057635,8268300,59400,92700,0,12392100,5157900,25200,0,3381300,333900,17100,0,0.269358196,76500,47,7210800,1800,6461100
F2c1,F2c,floresta,1,C,5,7,1.55,97.2,19.4,0.8056990231945201,1865700,0,0,0,468900,381600,0,0,6300,671400,0,0,0.549721559,24780,7,1685700,3600,1219500,0.748531691,5640300,0,0,0,4261500,1740600,0,0,140400,1814400,14400,0,0.41407334,67620,23,5051700,1800,3881700,0.724057813,8820900,0,0,0,11647800,4608900,0,0,827100,4293900,20700,0,0.2877569,119040,53,7707600,900,5852700
F2c2,F2c,floresta,2,C,5,7,1.55,97.2,19.4,0.8056990231945201,1865700,0,0,0,468900,381600,0,0,6300,671400,0,0,0.549721559,24780,7,1685700,3600,1219500,0.748531691,5640300,0,0,0,4261500,1740600,0,0,140400,1814400,14400,0,0.41407334,67620,23,5051700,1800,3881700,0.724057813,8820900,0,0,0,11647800,4608900,0,0,827100,4293900,20700,0,0.2877569,119040,53,7707600,900,5852700
F2c3,F2c,floresta,3,C,14,14,2.639,97.2,19.4,0.8056990231945201,1865700,0,0,0,468900,381600,0,0,6300,671400,0,0,0.549721559,24780,7,1685700,3600,1219500,0.748531691,5640300,0,0,0,4261500,1740600,0,0,140400,1814400,14400,0,0.41407334,67620,23,5051700,1800,3881700,0.724057813,8820900,0,0,0,11647800,4608900,0,0,827100,4293900,20700,0,0.2877569,119040,53,7707600,900,5852700
F2c4,F2c,floresta,4,C,5,5,1.609,97.2,19.4,0.8056990231945201,1865700,0,0,0,468900,381600,0,0,6300,671400,0,0,0.549721559,24780,7,1685700,3600,1219500,0.748531691,5640300,0,0,0,4261500,1740600,0,0,140400,1814400,14400,0,0.41407334,67620,23,5051700,1800,3881700,0.724057813,8820900,0,0,0,11647800,4608900,0,0,827100,4293900,20700,0,0.2877569,119040,53,7707600,900,5852700
F3b1,F3b,floresta,1,B,4,5,1.332,94.7,20.6,0.55540266,2737800,0,8100,0,509400,87300,0,0,43200,0,0,0,0.80861244,10920,2,2734200,3600,2417400,0.645604382,7928100,0,99900,0,3872700,531900,0,0,1118700,17100,900,0,0.584267427,46620,14,7634700,7200,6696000,0.65074454,16025400,0,62100,596700,9976500,1797300,0,0,1943100,94500,28800,0,0.525002948,129480,35,13354200,900,12551400
F3b2,F3b,floresta,2,B,7,9,1.889,94.7,20.6,0.55540266,2737800,0,8100,0,509400,87300,0,0,43200,0,0,0,0.80861244,10920,2,2734200,3600,2417400,0.645604382,7928100,0,99900,0,3872700,531900,0,0,1118700,17100,900,0,0.584267427,46620,14,7634700,7200,6696000,0.65074454,16025400,0,62100,596700,9976500,1797300,0,0,1943100,94500,28800,0,0.525002948,129480,35,13354200,900,12551400
F3b3,F3b,floresta,3,B,2,2,0.6931,94.7,20.6,0.55540266,2737800,0,8100,0,509400,87300,0,0,43200,0,0,0,0.80861244,10920,2,2734200,3600,2417400,0.645604382,7928100,0,99900,0,3872700,531900,0,0,1118700,17100,900,0,0.584267427,46620,14,7634700,7200,6696000,0.65074454,16025400,0,62100,596700,9976500,1797300,0,0,1943100,94500,28800,0,0.525002948,129480,35,13354200,900,12551400
F3b4,F3b,floresta,4,B,5,5,1.609,94.7,20.6,0.55540266,2737800,0,8100,0,509400,87300,0,0,43200,0,0,0,0.80861244,10920,2,2734200,3600,2417400,0.645604382,7928100,0,99900,0,3872700,531900,0,0,1118700,17100,900,0,0.584267427,46620,14,7634700,7200,6696000,0.65074454,16025400,0,62100,596700,9976500,1797300,0,0,1943100,94500,28800,0,0.525002948,129480,35,13354200,900,12551400
F3c1,F3c,floresta,1,C,21,41,2.721,91.2,20.4,0.677924413,2312100,0,0,514800,14400,537300,0,0,23400,0,0,0,0.67962963,33180,8,2174400,900,1431000,0.764923645,6630300,0,0,2113200,1657800,2743200,0,0,83700,33300,0,0,0.486302726,110880,35,5686200,900,3870000,0.75271406,15327000,0,4149000,0,4433400,5989500,0,0,162000,46800,0,0,0.498974509,239340,53,10885500,900,9372600
F3c2,F3c,floresta,2,C,14,27,2.361,91.2,20.4,0.677924413,2312100,0,0,514800,14400,537300,0,0,23400,0,0,0,0.67962963,33180,8,2174400,900,1431000,0.764923645,6630300,0,0,2113200,1657800,2743200,0,0,83700,33300,0,0,0.486302726,110880,35,5686200,900,3870000,0.75271406,15327000,0,4149000,0,4433400,5989500,0,0,162000,46800,0,0,0.498974509,239340,53,10885500,900,9372600
F3c3,F3c,floresta,3,C,18,28,2.748,91.2,20.4,0.677924413,2312100,0,0,514800,14400,537300,0,0,23400,0,0,0,0.67962963,33180,8,2174400,900,1431000,0.764923645,6630300,0,0,2113200,1657800,2743200,0,0,83700,33300,0,0,0.486302726,110880,35,5686200,900,3870000,0.75271406,15327000,0,4149000,0,4433400,5989500,0,0,162000,46800,0,0,0.498974509,239340,53,10885500,900,9372600
F3c4,F3c,floresta,4,C,23,45,2.66,91.2,20.4,0.677924413,2312100,0,0,514800,14400,537300,0,0,23400,0,0,0,0.67962963,33180,8,2174400,900,1431000,0.764923645,6630300,0,0,2113200,1657800,2743200,0,0,83700,33300,0,0,0.486302726,110880,35,5686200,900,3870000,0.75271406,15327000,0,4149000,0,4433400,5989500,0,0,162000,46800,0,0,0.498974509,239340,53,10885500,900,9372600
F4a1,F4a,floresta,1,A,25,45,2.982,88.5,19.8,0.584266504,2540700,0,0,38700,193500,464400,0,0,0,41400,0,0,0.744462025,6780,10,63000,900,39600,0.557467562,10824300,0,0,122400,758700,1206000,0,0,0,321300,0,0,0.792344687,74040,6,10778400,900,8648100,0.635491603,20709900,0,513000,0,3334500,2705400,0,0,0,1072800,0,0,0.711885905,157500,30,19878300,900,16318800
F4a2,F4a,floresta,2,A,14,18,2.524,88.5,19.8,0.584266504,2540700,0,0,38700,193500,464400,0,0,0,41400,0,0,0.744462025,6780,10,63000,900,39600,0.557467562,10824300,0,0,122400,758700,1206000,0,0,0,321300,0,0,0.792344687,74040,6,10778400,900,8648100,0.635491603,20709900,0,513000,0,3334500,2705400,0,0,0,1072800,0,0,0.711885905,157500,30,19878300,900,16318800
F4a3,F4a,floresta,3,A,26,70,2.634,88.5,19.8,0.584266504,2540700,0,0,38700,193500,464400,0,0,0,41400,0,0,0.744462025,6780,10,63000,900,39600,0.557467562,10824300,0,0,122400,758700,1206000,0,0,0,321300,0,0,0.792344687,74040,6,10778400,900,8648100,0.635491603,20709900,0,513000,0,3334500,2705400,0,0,0,1072800,0,0,0.711885905,157500,30,19878300,900,16318800
F4a4,F4a,floresta,4,A,16,39,2.365,88.5,19.8,0.584266504,2540700,0,0,38700,193500,464400,0,0,0,41400,0,0,0.744462025,6780,10,63000,900,39600,0.557467562,10824300,0,0,122400,758700,1206000,0,0,0,321300,0,0,0.792344687,74040,6,10778400,900,8648100,0.635491603,20709900,0,513000,0,3334500,2705400,0,0,0,1072800,0,0,0.711885905,157500,30,19878300,900,16318800
F4b1,F4b,floresta,1,B,13,31,2.408,95.9,15.7,0.653070879,1772100,0,0,0,0,28800,0,0,0,0,0,0,0.984007996,8400,1,1772100,1772100,1530000,0.46911469,6721200,0,0,5400,49500,196200,0,0,0,0,0,0,0.915420446,22500,3,6564600,21600,6085800,0.490200131,14323500,0,18000,0,774900,466200,0,0,0,0,0,0,0.839310199,55620,15,12981600,900,12798900
F4b2,F4b,floresta,2,B,6,10,1.643,95.9,15.7,0.653070879,1772100,0,0,0,0,28800,0,0,0,0,0,0,0.984007996,8400,1,1772100,1772100,1530000,0.46911469,6721200,0,0,5400,49500,196200,0,0,0,0,0,0,0.915420446,22500,3,6564600,21600,6085800,0.490200131,14323500,0,18000,0,774900,466200,0,0,0,0,0,0,0.839310199,55620,15,12981600,900,12798900
F4b3,F4b,floresta,3,B,5,10,1.557,95.9,15.7,0.653070879,1772100,0,0,0,0,28800,0,0,0,0,0,0,0.984007996,8400,1,1772100,1772100,1530000,0.46911469,6721200,0,0,5400,49500,196200,0,0,0,0,0,0,0.915420446,22500,3,6564600,21600,6085800,0.490200131,14323500,0,18000,0,774900,466200,0,0,0,0,0,0,0.839310199,55620,15,12981600,900,12798900
F4b4,F4b,floresta,4,B,7,16,1.721,95.9,15.7,0.653070879,1772100,0,0,0,0,28800,0,0,0,0,0,0,0.984007996,8400,1,1772100,1772100,1530000,0.46911469,6721200,0,0,5400,49500,196200,0,0,0,0,0,0,0.915420446,22500,3,6564600,21600,6085800,0.490200131,14323500,0,18000,0,774900,466200,0,0,0,0,0,0,0.839310199,55620,15,12981600,900,12798900
F4c1,F4c,floresta,1,C,1,1,0,94.4,18.6,0.465522227,3118500,0,0,0,30600,243000,0,0,0,0,0,0,0.918124006,14160,2,3117600,900,2723400,0.560508897,10198800,0,0,195300,1227600,1821600,0,0,0,156600,0,0,0.748332563,73560,9,10056600,900,8185500,0,522483883,23275800,0,434700,0,3124800,3543300,0,0,11700,208800,0,0,0,758750183,152160,8,23148000,900,19173600
F4c2,F4c,floresta,2,C,1,1,0,94.4,18.6,0.465522227,3118500,0,0,0,30600,243000,0,0,0,0,0,0,0.918124006,14160,2,3117600,900,2723400,0.560508897,10198800,0,0,195300,1227600,1821600,0,0,0,156600,0,0,0.748332563,73560,9,10056600,900,8185500,0,522483883,23275800,0,434700,0,3124800,3543300,0,0,11700,208800,0,0,0,758750183,152160,8,23148000,900,19173600
F4c3,F4c,floresta,3,C,1,1,0,94.4,18.6,0.465522227,3118500,0,0,0,30600,243000,0,0,0,0,0,0,0.918124006,14160,2,3117600,900,2723400,0.560508897,10198800,0,0,195300,1227600,1821600,0,0,0,156600,0,0,0.748332563,73560,9,10056600,900,8185500,0,522483883,23275800,0,434700,0,3124800,3543300,0,0,11700,208800,0,0,0,758750183,152160,8,23148000,900,19173600
C1a1,C1a,café,1,A,9,15,1.987,90.3,23.3,0.7641793535382977,493200,0,50400,5400,1266300,701100,0,0,72900,730800,0,0,0.146055437,18540,21,116100,900,114300,0.7527415823553048,1933200,0,276300,18000,5640300,2777400,16200,689400,875700,1259100,5400,0,0.142914172,62400,45,270000,900,531000,0.7039456928129142,3825000,0,23400,920700,13295700,6088500,41400,1959300,2003400,2256300,5400,0,0,125594728,117540,85,1019700,900,1179000
C1a2,C1a,café,2,A,13,17,2.476,90.3,23.3,0.7641793535382977,493200,0,50400,5400,1266300,701100,0,0,72900,730800,0,0,0.146055437,18540,21,116100,900,114300,0.7527415823553048,1933200,0,276300,18000,5640300,2777400,16200,689400,875700,1259100,5400,0,0.142914172,62400,45,270000,900,531000,0.7039456928129142,3825000,0,23400,920700,13295700,6088500,41400,1959300,2003400,2256300,5400,0,0,125594728,117540,85,1019700,900,1179000
C1a3,C1a,café,3,A,11,13,2.352,90.3,23.3,0.7641793535382977,493200,0,50400,5400,1266300,701100,0,0,72900,730800,0,0,0.146055437,18540,21,116100,900,114300,0.7527415823553048,1933200,0,276300,18000,5640300,2777400,16200,689400,875700,1259100,5400,0,0.142914172,62400,45,270000,900,531000,0.7039456928129142,3825000,0,23400,920700,13295700,6088500,41400,1959300,2003400,2256300,5400,0,0,125594728,117540,85,1019700,900,1179000
C1a4,C1a,café,4,A,18,28,2.682,90.3,23.3,0.7641793535382977,493200,0,50400,5400,1266300,701100,0,0,72900,730800,0,0,0.146055437,18540,21,116100,900,114300,0.7527415823553048,1933200,0,276300,18000,5640300,2777400,16200,689400,875700,1259100,5400,0,0.142914172,62400,45,270000,900,531000,0.7039456928129142,3825000,0,23400,920700,13295700,6088500,41400,1959300,2003400,2256300,5400,0,0,125594728,117540,85,1019700,900,1179000
C1b1,C1b,café,1,B,13,15,2.523,87.4,21.1,0.7750241945417234,1747800,0,0,0,415800,645300,0,0,18900,567000,0,0,0.514846235,21780,6,1675800,4500,1161900,0.7501680471622306,5508000,0,0,0,3592800,2619000,0,0,175500,1708200,0,0,0.404681611,63000,21,5076000,900,3861900,0.7637148191339488,9283500,0,0,0,9324900,6388200,23400,7200,1128600,4041000,0,0,0.302856807,120480,45,8197200,900,6219900
C1b2,C1b,café,2,B,6,6,1.792,87.4,21.1,0.7750241945417234,1747800,0,0,0,415800,645300,0,0,18900,567000,0,0,0.514846235,21780,6,1675800,4500,1161900,0.7501680471622306,5508000,0,0,0,3592800,2619000,0,0,175500,1708200,0,0,0.404681611,63000,21,5076000,900,3861900,0.7637148191339488,9283500,0,0,0,9324900,6388200,23400,7200,1128600,4041000,0,0,0.302856807,120480,45,8197200,900,6219900
C1b3,C1b,café,3,B,10,11,2.272,87.4,21.1,0.7750241945417234,1747800,0,0,0,415800,645300,0,0,18900,567000,0,0,0.514846235,21780,6,1675800,4500,1161900,0.7501680471622306,5508000,0,0,0,3592800,2619000,0,0,175500,1708200,0,0,0.404681611,63000,21,5076000,900,3861900,0.7637148191339488,9283500,0,0,0,9324900,6388200,23400,7200,1128600,4041000,0,0,0.302856807,120480,45,8197200,900,6219900
C1b4,C1b,café,4,B,6,6,1.792,87.4,21.1,0.7750241945417234,1747800,0,0,0,415800,645300,0,0,18900,567000,0,0,0.514846235,21780,6,1675800,4500,1161900,0.7501680471622306,5508000,0,0,0,3592800,2619000,0,0,175500,1708200,0,0,0.404681611,63000,21,5076000,900,3861900,0.7637148191339488,9283500,0,0,0,9324900,6388200,23400,7200,1128600,4041000,0,0,0.302856807,120480,45,8197200,900,6219900
C1c1,C1c,café,1,C,4,6,1.33,87.7,22.9,0.872166265,660600,0,0,278100,160200,279900,9000,228600,147600,1608300,10800,0,0.195264698,20820,10,343800,1800,164700,0.8171995899527635,2418300,0,108900,720000,646200,1796400,36000,2551500,1348200,3882600,0,45900,0.178419655,71640,22,834300,8100,700200,0.7550306649480034,4992300,0,1164600,362700,2149200,5148000,87300,7748100,3028500,5759100,1800,45900,0.163662113,142260,60,1154700,900,1613700
C1c2,C1c,café,2,C,8,8,2.079,87.7,22.9,0.872166265,660600,0,0,278100,160200,279900,9000,228600,147600,1608300,10800,0,0.195264698,20820,10,343800,1800,164700,0.8171995899527635,2418300,0,108900,720000,646200,1796400,36000,2551500,1348200,3882600,0,45900,0.178419655,71640,22,834300,8100,700200,0.7550306649480034,4992300,0,1164600,362700,2149200,5148000,87300,7748100,3028500,5759100,1800,45900,0.163662113,142260,60,1154700,900,1613700
C1c3,C1c,café,3,C,7,10,1.834,87.7,22.9,0.872166265,660600,0,0,278100,160200,279900,9000,228600,147600,1608300,10800,0,0.195264698,20820,10,343800,1800,164700,0.8171995899527635,2418300,0,108900,720000,646200,1796400,36000,2551500,1348200,3882600,0,45900,0.178419655,71640,22,834300,8100,700200,0.7550306649480034,4992300,0,1164600,362700,2149200,5148000,87300,7748100,3028500,5759100,1800,45900,0.163662113,142260,60,1154700,900,1613700
C1c4,C1c,café,4,C,1,1,0,87.7,22.9,0.872166265,660600,0,0,278100,160200,279900,9000,228600,147600,1608300,10800,0,0.195264698,20820,10,343800,1800,164700,0.8171995899527635,2418300,0,108900,720000,646200,1796400,36000,2551500,1348200,3882600,0,45900,0.178419655,71640,22,834300,8100,700200,0.7550306649480034,4992300,0,1164600,362700,2149200,5148000,87300,7748100,3028500,5759100,1800,45900,0.163662113,142260,60,1154700,900,1613700
C2a1,C2a,café,1,A,15,18,2.659,85.7,21.8,0.7116814038339198,590400,0,0,39600,321300,272700,0,36000,117900,2003400,0,0,0.1746074,14880,6,380700,10800,227700,0.8403033724312361,2811600,7200,4500,944100,1671300,2180700,0,696600,661500,4563000,0,0,0.207643735,64980,31,824400,900,1287900,0.8179739137595916,6519600,65700,1778400,36900,4073400,5289300,0,2321100,1180800,9216900,4500,0,0.213851331,150780,61,1707300,900,2944800
C2a2,C2a,café,2,A,19,24,2.867,85.7,21.8,0.7116814038339198,590400,0,0,39600,321300,272700,0,36000,117900,2003400,0,0,0.1746074,14880,6,380700,10800,227700,0.8403033724312361,2811600,7200,4500,944100,1671300,2180700,0,696600,661500,4563000,0,0,0.207643735,64980,31,824400,900,1287900,0.8179739137595916,6519600,65700,1778400,36900,4073400,5289300,0,2321100,1180800,9216900,4500,0,0.213851331,150780,61,1707300,900,2944800
C2a3,C2a,café,3,A,3,3,1.099,85.7,21.8,0.7116814038339198,590400,0,0,39600,321300,272700,0,36000,117900,2003400,0,0,0.1746074,14880,6,380700,10800,227700,0.8403033724312361,2811600,7200,4500,944100,1671300,2180700,0,696600,661500,4563000,0,0,0.207643735,64980,31,824400,900,1287900,0.8179739137595916,6519600,65700,1778400,36900,4073400,5289300,0,2321100,1180800,9216900,4500,0,0.213851331,150780,61,1707300,900,2944800
C2a4,C2a,café,4,A,0,0,0,85.7,21.8,0.7116814038339198,590400,0,0,39600,321300,272700,0,36000,117900,2003400,0,0,0.1746074,14880,6,380700,10800,227700,0.8403033724312361,2811600,7200,4500,944100,1671300,2180700,0,696600,661500,4563000,0,0,0.207643735,64980,31,824400,900,1287900,0.8179739137595916,6519600,65700,1778400,36900,4073400,5289300,0,2321100,1180800,9216900,4500,0,0.213851331,150780,61,1707300,900,2944800
C2c1,C2c,café,1,C,9,12,2.138,81.2,22.6,0.5174532792350417,134100,0,0,0,34200,159300,9000,900,207000,2833200,0,207000,0.039701572,6180,4,63900,6300,23400,0.6594347183770488,1656900,126000,4500,20700,1061100,2581200,19800,615600,1017900,6127200,0,0,0,122480208,49560,34,225000,900,496800,0.686169511352892,3591000,287100,53100,10800,2770200,6651000,57600,875700,1912500,11449800,0,5400,0,117838157,111180,86,288900,900,1034100
C2c2,C2c,café,2,C,9,10,2.164,81.2,22.6,0.5174532792350417,134100,0,0,0,34200,159300,9000,900,207000,2833200,0,207000,0.039701572,6180,4,63900,6300,23400,0.6594347183770488,1656900,126000,4500,20700,1061100,2581200,19800,615600,1017900,6127200,0,0,0,122480208,49560,34,225000,900,496800,0.686169511352892,3591000,287100,53100,10800,2770200,6651000,57600,875700,1912500,11449800,0,5400,0,117838157,111180,86,288900,900,1034100
C2c3,C2c,café,3,C,12,17,2.425,81.2,22.6,0.5174532792350417,134100,0,0,0,34200,159300,9000,900,207000,2833200,0,207000,0.039701572,6180,4,63900,6300,23400,0.6594347183770488,1656900,126000,4500,20700,1061100,2581200,19800,615600,1017900,6127200,0,0,0,122480208,49560,34,225000,900,496800,0.686169511352892,3591000,287100,53100,10800,2770200,6651000,57600,875700,1912500,11449800,0,5400,0,117838157,111180,86,288900,900,1034100
C2c4,C2c,café,4,C,18,25,2.71,81.2,22.6,0.5174532792350417,134100,0,0,0,34200,159300,9000,900,207000,2833200,0,207000,0.039701572,6180,4,63900,6300,23400,0.6594347183770488,1656900,126000,4500,20700,1061100,2581200,19800,615600,1017900,6127200,0,0,0,122480208,49560,34,225000,900,496800,0.686169511352892,3591000,287100,53100,10800,2770200,6651000,57600,875700,1912500,11449800,0,5400,0,117838157,111180,86,288900,900,1034100
C3a1,C3a,café,1,A,7,8,1.906,78,23.6,0.7109345260650571,536400,13500,12600,0,67500,628200,33300,0,160200,1915200,0,0,0.159315691,18240,14,252900,900,146700,0.74096887,1844100,29700,114300,50400,1368900,3447000,50400,0,546300,6065100,900,13500,0.136291074,63600,39,361800,1800,450900,0.7484610525597835,3567600,91800,72000,575100,3652200,8028900,91800,0,1138500,13239900,6300,13500,0.117056461,127260,74,361800,900,760500
C3a2,C3a,café,2,A,6,6,1.792,78,23.6,0.7109345260650571,536400,13500,12600,0,67500,628200,33300,0,160200,1915200,0,0,0.159315691,18240,14,252900,900,146700,0.74096887,1844100,29700,114300,50400,1368900,3447000,50400,0,546300,6065100,900,13500,0.136291074,63600,39,361800,1800,450900,0.7484610525597835,3567600,91800,72000,575100,3652200,8028900,91800,0,1138500,13239900,6300,13500,0.117056461,127260,74,361800,900,760500
C3a3,C3a,café,3,A,13,20,2.415,78,23.6,0.7109345260650571,536400,13500,12600,0,67500,628200,33300,0,160200,1915200,0,0,0.159315691,18240,14,252900,900,146700,0.74096887,1844100,29700,114300,50400,1368900,3447000,50400,0,546300,6065100,900,13500,0.136291074,63600,39,361800,1800,450900,0.7484610525597835,3567600,91800,72000,575100,3652200,8028900,91800,0,1138500,13239900,6300,13500,0.117056461,127260,74,361800,900,760500
C3a4,C3a,café,4,A,16,17,2.752,78,23.6,0.7109345260650571,536400,13500,12600,0,67500,628200,33300,0,160200,1915200,0,0,0.159315691,18240,14,252900,900,146700,0.74096887,1844100,29700,114300,50400,1368900,3447000,50400,0,546300,6065100,900,13500,0.136291074,63600,39,361800,1800,450900,0.7484610525597835,3567600,91800,72000,575100,3652200,8028900,91800,0,1138500,13239900,6300,13500,0.117056461,127260,74,361800,900,760500
C3b1,C3b,café,1,B,11,16,2.307,82.9,22.3,0.6525185237665739,234900,0,0,17100,182700,347400,0,0,66600,2523600,0,0,0.069655725,8880,8,81000,3600,63900,0.6540436733855872,1790100,6300,17100,72900,1066500,2638800,44100,14400,499500,7371000,0,0,0.132238548,54240,38,531000,900,668700,0.6524997577301209,3568500,36000,117000,70200,3414600,7124400,112500,65700,753300,15067800,1800,0,0.117092907,120420,94,531900,900,1071000
C3b2,C3b,café,2,B,5,9,1.303,82.9,22.3,0.6525185237665739,234900,0,0,17100,182700,347400,0,0,66600,2523600,0,0,0.069655725,8880,8,81000,3600,63900,0.6540436733855872,1790100,6300,17100,72900,1066500,2638800,44100,14400,499500,7371000,0,0,0.132238548,54240,38,531000,900,668700,0.6524997577301209,3568500,36000,117000,70200,3414600,7124400,112500,65700,753300,15067800,1800,0,0.117092907,120420,94,531900,900,1071000
C3b3,C3b,café,3,B,3,3,1.099,82.9,22.3,0.6525185237665739,234900,0,0,17100,182700,347400,0,0,66600,2523600,0,0,0.069655725,8880,8,81000,3600,63900,0.6540436733855872,1790100,6300,17100,72900,1066500,2638800,44100,14400,499500,7371000,0,0,0.132238548,54240,38,531000,900,668700,0.6524997577301209,3568500,36000,117000,70200,3414600,7124400,112500,65700,753300,15067800,1800,0,0.117092907,120420,94,531900,900,1071000
C3b4,C3b,café,4,B,7,7,1.946,82.9,22.3,0.6525185237665739,234900,0,0,17100,182700,347400,0,0,66600,2523600,0,0,0.069655725,8880,8,81000,3600,63900,0.6540436733855872,1790100,6300,17100,72900,1066500,2638800,44100,14400,499500,7371000,0,0,0.132238548,54240,38,531000,900,668700,0.6524997577301209,3568500,36000,117000,70200,3414600,7124400,112500,65700,753300,15067800,1800,0,0.117092907,120420,94,531900,900,1071000
C3c1,C3c,café,1,C,1,1,0,77.4,24,0.5671634614351893,107100,3600,0,0,131400,360900,0,0,45000,2717100,0,0,0.031826692,4680,10,39600,900,13500,0.5936443697436647,807300,30600,0,0,1733400,2527200,15300,0,87300,8226900,0,900,0.059692553,27360,28,211500,900,199800,0.5912446258402799,2689200,118800,165600,0,3797100,5911200,45000,0,326700,17180100,0,36000,0.088271787,87120,77,577800,900,765900
C3c2,C3c,café,2,C,4,4,1.386,77.4,24,0.5671634614351893,107100,3600,0,0,131400,360900,0,0,45000,2717100,0,0,0.031826692,4680,10,39600,900,13500,0.5936443697436647,807300,30600,0,0,1733400,2527200,15300,0,87300,8226900,0,900,0.059692553,27360,28,211500,900,199800,0.5912446258402799,2689200,118800,165600,0,3797100,5911200,45000,0,326700,17180100,0,36000,0.088271787,87120,77,577800,900,765900
C3c3,C3c,café,3,C,3,4,1.04,77.4,24,0.5671634614351893,107100,3600,0,0,131400,360900,0,0,45000,2717100,0,0,0.031826692,4680,10,39600,900,13500,0.5936443697436647,807300,30600,0,0,1733400,2527200,15300,0,87300,8226900,0,900,0.059692553,27360,28,211500,900,199800,0.5912446258402799,2689200,118800,165600,0,3797100,5911200,45000,0,326700,17180100,0,36000,0.088271787,87120,77,577800,900,765900
C3c4,C3c,café,4,C,7,9,1.889,77.4,24,0.5671634614351893,107100,3600,0,0,131400,360900,0,0,45000,2717100,0,0,0.031826692,4680,10,39600,900,13500,0.5936443697436647,807300,30600,0,0,1733400,2527200,15300,0,87300,8226900,0,900,0.059692553,27360,28,211500,900,199800,0.5912446258402799,2689200,118800,165600,0,3797100,5911200,45000,0,326700,17180100,0,36000,0.088271787,87120,77,577800,900,765900
S1a1,S1a,silvicultura,1,A,18,23,2.811,86.5,22.2,0.7730028215889662,1469700,0,0,1236600,360000,110700,0,0,0,187200,0,9000,0.435699039,20400,4,762300,9900,907200,0.802515108,4526100,0,0,2068200,1565100,981900,0,12600,422100,3936600,27900,0,0.334263875,68400,16,1985400,900,2735100,0.7417225885814537,7412400,,,,,,,,,,,,0.243114798,148500,52,2211300,1800,3816000
S1a2,S1a,silvicultura,2,A,16,26,2.631,86.5,22.2,0.7730028215889662,1469700,0,0,1236600,360000,110700,0,0,0,187200,0,9000,0.435699039,20400,4,762300,9900,907200,0.802515108,4526100,0,0,2068200,1565100,981900,0,12600,422100,3936600,27900,0,0.334263875,68400,16,1985400,900,2735100,0.7417225885814537,7412400,,,,,,,,,,,,0.243114798,148500,52,2211300,1800,3816000
S1a3,S1a,silvicultura,3,A,7,9,1.831,86.5,22.2,0.7730028215889662,1469700,0,0,1236600,360000,110700,0,0,0,187200,0,9000,0.435699039,20400,4,762300,9900,907200,0.802515108,4526100,0,0,2068200,1565100,981900,0,12600,422100,3936600,27900,0,0.334263875,68400,16,1985400,900,2735100,0.7417225885814537,7412400,,,,,,,,,,,,0.243114798,148500,52,2211300,1800,3816000
S1a4,S1a,silvicultura,4,A,9,13,2.098,86.5,22.2,0.7730028215889662,1469700,0,0,1236600,360000,110700,0,0,0,187200,0,9000,0.435699039,20400,4,762300,9900,907200,0.802515108,4526100,0,0,2068200,1565100,981900,0,12600,422100,3936600,27900,0,0.334263875,68400,16,1985400,900,2735100,0.7417225885814537,7412400,,,,,,,,,,,,0.243114798,148500,52,2211300,1800,3816000
S1b1,S1b,silvicultura,1,B,17,47,2.44,90,22.4,0.7940250670434098,908100,0,440100,1350000,247500,295200,45900,0,5400,0,0,0,0.268422453,27240,12,319500,900,294300,0.8640112652837594,3613500,0,2997000,2627100,2120400,1379700,117000,0,166500,0,0,0,0.266671095,96960,34,1013400,900,1288800,0.8118385582080789,6522300,,,,,,,,,,,,0.213819963,183660,72,1040400,900,2160000
S1b2,S1b,silvicultura,2,B,17,38,2.366,90,22.4,0.7940250670434098,908100,0,440100,1350000,247500,295200,45900,0,5400,0,0,0,0.268422453,27240,12,319500,900,294300,0.8640112652837594,3613500,0,2997000,2627100,2120400,1379700,117000,0,166500,0,0,0,0.266671095,96960,34,1013400,900,1288800,0.8118385582080789,6522300,,,,,,,,,,,,0.213819963,183660,72,1040400,900,2160000
S1b3,S1b,silvicultura,3,B,9,25,1.847,90,22.4,0.7940250670434098,908100,0,440100,1350000,247500,295200,45900,0,5400,0,0,0,0.268422453,27240,12,319500,900,294300,0.8640112652837594,3613500,0,2997000,2627100,2120400,1379700,117000,0,166500,0,0,0,0.266671095,96960,34,1013400,900,1288800,0.8118385582080789,6522300,,,,,,,,,,,,0.213819963,183660,72,1040400,900,2160000
S1b4,S1b,silvicultura,4,B,20,55,2.48,90,22.4,0.7940250670434098,908100,0,440100,1350000,247500,295200,45900,0,5400,0,0,0,0.268422453,27240,12,319500,900,294300,0.8640112652837594,3613500,0,2997000,2627100,2120400,1379700,117000,0,166500,0,0,0,0.266671095,96960,34,1013400,900,1288800,0.8118385582080789,6522300,,,,,,,,,,,,0.213819963,183660,72,1040400,900,2160000
S1c1,S1c,silvicultura,1,C,13,28,2.313,84.9,24.7,0.8268812492627846,656100,0,240300,1521900,407700,429300,23400,0,103500,0,0,0,0.193986163,15840,6,553500,900,244800,0.8596454084318491,1953000,0,1049400,3184200,3816900,2112300,124200,0,1286100,0,0,0,0.144272322,61020,36,621900,900,536400,0.869492254,4529700,,,,,,,,,,,,0.1486722,135120,68,621900,900,1383300
S1c2,S1c,silvicultura,2,C,6,9,1.677,84.9,24.7,0.8268812492627846,656100,0,240300,1521900,407700,429300,23400,0,103500,0,0,0,0.193986163,15840,6,553500,900,244800,0.8596454084318491,1953000,0,1049400,3184200,3816900,2112300,124200,0,1286100,0,0,0,0.144272322,61020,36,621900,900,536400,0.869492254,4529700,,,,,,,,,,,,0.1486722,135120,68,621900,900,1383300
S1c3,S1c,silvicultura,3,C,2,5,0.5004,84.9,24.7,0.8268812492627846,656100,0,240300,1521900,407700,429300,23400,0,103500,0,0,0,0.193986163,15840,6,553500,900,244800,0.8596454084318491,1953000,0,1049400,3184200,3816900,2112300,124200,0,1286100,0,0,0,0.144272322,61020,36,621900,900,536400,0.869492254,4529700,,,,,,,,,,,,0.1486722,135120,68,621900,900,1383300
S1c4,S1c,silvicultura,4,C,9,14,2.045,84.9,24.7,0.8268812492627846,656100,0,240300,1521900,407700,429300,23400,0,103500,0,0,0,0.193986163,15840,6,553500,900,244800,0.8596454084318491,1953000,0,1049400,3184200,3816900,2112300,124200,0,1286100,0,0,0,0.144272322,61020,36,621900,900,536400,0.869492254,4529700,,,,,,,,,,,,0.1486722,135120,68,621900,900,1383300
S2a1,S2a,silvicultura,1,A,2,2,0.6931,87,20.7,0.8615399192037505,897300,0,6300,1301400,413100,268200,0,0,487800,0,0,0,0.265937583,17820,6,432000,6300,420300,0.8012999630720529,3065400,0,198900,4808700,2262600,934200,4500,0,2211300,0,0,0,0.226056946,65160,28,735300,2700,1377000,0.770751735,7680600,,,,,,,,,,,,0.251503006,145500,60,1681200,900,3905100
S2a2,S2a,silvicultura,2,A,8,11,1.972,87,20.7,0.8615399192037505,897300,0,6300,1301400,413100,268200,0,0,487800,0,0,0,0.265937583,17820,6,432000,6300,420300,0.8012999630720529,3065400,0,198900,4808700,2262600,934200,4500,0,2211300,0,0,0,0.226056946,65160,28,735300,2700,1377000,0.770751735,7680600,,,,,,,,,,,,0.251503006,145500,60,1681200,900,3905100
S2a3,S2a,silvicultura,3,A,7,9,1.889,87,20.7,0.8615399192037505,897300,0,6300,1301400,413100,268200,0,0,487800,0,0,0,0.265937583,17820,6,432000,6300,420300,0.8012999630720529,3065400,0,198900,4808700,2262600,934200,4500,0,2211300,0,0,0,0.226056946,65160,28,735300,2700,1377000,0.770751735,7680600,,,,,,,,,,,,0.251503006,145500,60,1681200,900,3905100
S2b1,S2b,silvicultura,1,B,7,14,1.567,85.6,22.4,0.7013068652604306,633600,0,0,2464200,28800,275400,0,0,0,0,0,0,0.186243386,25020,29,203400,900,154800,0.6336885765522026,6182100,0,0,5994000,270000,1174500,7200,0,8100,5400,0,0,0.453189945,106320,43,2077200,900,3575700,0.5907313620320316,17446500,,,,,,,,,,,,0.570381922,222480,54,15792300,900,11767500
S2b2,S2b,silvicultura,2,B,7,15,1.58,85.6,22.4,0.7013068652604306,633600,0,0,2464200,28800,275400,0,0,0,0,0,0,0.186243386,25020,29,203400,900,154800,0.6336885765522026,6182100,0,0,5994000,270000,1174500,7200,0,8100,5400,0,0,0.453189945,106320,43,2077200,900,3575700,0.5907313620320316,17446500,,,,,,,,,,,,0.570381922,222480,54,15792300,900,11767500
S2b3,S2b,silvicultura,3,B,22,56,2.835,85.6,22.4,0.7013068652604306,633600,0,0,2464200,28800,275400,0,0,0,0,0,0,0.186243386,25020,29,203400,900,154800,0.6336885765522026,6182100,0,0,5994000,270000,1174500,7200,0,8100,5400,0,0,0.453189945,106320,43,2077200,900,3575700,0.5907313620320316,17446500,,,,,,,,,,,,0.570381922,222480,54,15792300,900,11767500
S2b4,S2b,silvicultura,4,B,16,22,2.626,85.6,22.4,0.7013068652604306,633600,0,0,2464200,28800,275400,0,0,0,0,0,0,0.186243386,25020,29,203400,900,154800,0.6336885765522026,6182100,0,0,5994000,270000,1174500,7200,0,8100,5400,0,0,0.453189945,106320,43,2077200,900,3575700,0.5907313620320316,17446500,,,,,,,,,,,,0.570381922,222480,54,15792300,900,11767500
S2c1,S2c,silvicultura,1,C,11,23,2.22,89.4,21.3,0.6485575986956178,660600,0,10800,2438100,106200,162900,0,0,0,0,0,0,0.195524774,18720,7,372600,1800,225900,0.8473557675000062,2755800,0,1709100,6555600,1349100,726300,0,0,448200,,,,0.203468669,60900,25,929700,900,1279800,0.8313054723749121,4886100,,,,,,,,,,,,0.160171117,131340,60,1131300,900,1826100
S2c2,S2c,silvicultura,2,C,8,10,2.025,89.4,21.3,0.6485575986956178,660600,0,10800,2438100,106200,162900,0,0,0,0,0,0,0.195524774,18720,7,372600,1800,225900,0.8473557675000062,2755800,0,1709100,6555600,1349100,726300,0,0,448200,,,,0.203468669,60900,25,929700,900,1279800,0.8313054723749121,4886100,,,,,,,,,,,,0.160171117,131340,60,1131300,900,1826100
